{
  "http://dbpedia.org/ontology/药物": [
    "http://www.w3.org/2002/07/owl#Thing"
  ],
  "http://dbpedia.org/ontology/部位": [
    "http://www.w3.org/2002/07/owl#Thing"
  ],
  "http://dbpedia.org/ontology/治疗": [
    "http://www.w3.org/2002/07/owl#Thing"
  ],
  "http://dbpedia.org/ontology/症状": [
    "http://www.w3.org/2002/07/owl#Thing"
  ],
  "http://dbpedia.org/ontology/食物": [
    "http://www.w3.org/2002/07/owl#Thing"
  ],
  "http://dbpedia.org/ontology/手术": [
    "http://www.w3.org/2002/07/owl#Thing"
  ],
  "http://dbpedia.org/ontology/检查": [
    "http://www.w3.org/2002/07/owl#Thing"
  ],
  "http://dbpedia.org/ontology/疾病": [
    "http://www.w3.org/2002/07/owl#Thing"
  ],
  "http://dbpedia.org/ontology/对象": [
    "http://www.w3.org/2002/07/owl#Thing"
  ],
  "http://dbpedia.org/ontology/器械": [
    "http://www.w3.org/2002/07/owl#Thing"
  ],
  "http://www.w3.org/2002/07/owl#Thing": [
    "http://www.w3.org/2002/07/owl#Thing"
  ]
}